1,Michael
2,Christopher
3,Matthew
4,Joshua
5,Jacob
6,Andrew
7,Daniel
8,Nicholas
9,Tyler
10,Joseph
11,David
12,Brandon
13,James
14,John
15,Ryan
16,Zachary
17,Justin
18,Anthony
19,William
20,Robert
21,Jonathan
22,Kyle
23,Austin
24,Alexander
25,Kevin
26,Cody
27,Thomas
28,Jordan
29,Eric
30,Benjamin
31,Aaron
32,Jose
33,Christian
34,Steven
35,Samuel
36,Brian
37,Dylan
38,Timothy
39,Adam
40,Nathan
41,Richard
42,Sean
43,Charles
44,Patrick
45,Jason
46,Luis
47,Jeremy
48,Stephen
49,Mark
50,Jesse
51,Juan
52,Alex
53,Cameron
54,Travis
55,Jeffrey
56,Bryan
57,Caleb
58,Carlos
59,Jared
60,Ethan
61,Kenneth
62,Taylor
63,Logan
64,Paul
65,Trevor
66,Dustin
67,Evan
68,Gabriel
69,Ian
70,Gregory
71,Connor
72,Devin
73,Derek
74,Corey
75,Scott
76,Jesus
77,Nathaniel
78,Hunter
79,Bradley
80,Edward
81,Dakota
82,Antonio
83,Victor
84,Marcus
85,Blake
86,Garrett
86,Peter
88,Miguel
89,Mitchell
90,Noah
91,Shane
92,Shawn
93,Angel
94,Luke
95,Adrian
96,Seth
97,Spencer
98,Chase
99,Vincent
100,Jorge
101,Lucas
102,Isaac
103,Cory
104,Tanner
105,George
106,Brett
107,Joel
108,Erik
109,Raymond
110,Dalton
111,Alejandro
112,Cole
113,Jack
114,Ricardo
115,Dillon
116,Isaiah
117,Jake
118,Elijah
119,Mason
120,Casey
121,Eduardo
122,Colton
123,Francisco
124,Keith
125,Donald
126,Wesley
127,Chad
128,Devon
128,Phillip
130,Oscar
131,Colin
132,Johnathan
133,Brendan
134,Julian
135,Ronald
136,Mario
137,Alec
138,Manuel
139,Bryce
140,Grant
141,Xavier
142,Martin
143,Henry
144,Javier
145,Alan
146,Dominic
147,Edgar
148,Omar
149,Derrick
150,Hector
151,Douglas
152,Frank
153,Tristan
154,Collin
155,Troy
156,Roberto
157,Jeremiah
158,Jonathon
159,Sergio
160,Fernando
161,Philip
162,Andre
163,Johnny
164,Edwin
165,Ivan
166,Cristian
167,Clayton
168,Levi
169,Curtis
170,Gary
171,Darius
172,Nicolas
173,Dennis
174,Andres
175,Jackson
176,Maxwell
177,Cesar
178,Drew
179,Randy
180,Pedro
181,Ruben
182,Alexis
183,Brent
184,Allen
184,Marco
186,Max
187,Julio
187,Riley
189,Mathew
190,Wyatt
191,Malik
192,Jerry
193,Craig
194,Calvin
195,Tony
196,Rafael
197,Preston
198,Erick
199,Brady
199,Larry
201,Raul
202,Emmanuel
203,Jeffery
204,Carl
205,Jimmy
205,Zachery
207,Hayden
208,Gavin
209,Kristopher
210,Trenton
211,Albert
212,Colby
213,Russell
214,Jaime
214,Sebastian
216,Parker
217,Louis
218,Danny
219,Alberto
220,Ricky
221,Chance
222,Darren
223,Kaleb
224,Rodney
225,Gerardo
226,Marc
227,Lawrence
228,Micheal
229,Micah
230,Damian
231,Harrison
232,Lance
232,Terry
234,Joe
235,Marcos
236,Trey
237,Conner
238,Abraham
239,Giovanni
240,Armando
241,Dominique
242,Diego
243,Arthur
243,Josue
243,Walter
246,Gage
246,Skyler
248,Todd
249,Bobby
250,Enrique
251,Donovan
252,Chandler
253,Andy
254,Ramon
255,Billy
256,Zackary
257,Roger
258,Ross
259,Landon
260,Jay
261,Trent
262,Jamal
262,Willie
264,Israel
265,Randall
266,Branden
267,Alfredo
268,Deandre
269,Gerald
270,Jamie
271,Jalen
272,Jon
273,Morgan
273,Nickolas
275,Reginald
276,Nolan
276,Theodore
278,Bryant
279,Lee
280,Liam
281,Dante
282,Arturo
282,Marvin
284,Maurice
285,Terrance
286,Eddie
286,Josiah
288,Kelvin
289,Malcolm
290,Kody
291,Gustavo
292,Miles
293,Lorenzo
294,Dallas
294,Marquis
296,Shaun
297,Nelson
298,Jessie
298,Roy
300,Salvador
301,Johnathon
302,Ty
303,Brock
303,Tevin
305,Tommy
306,Dominick
307,Jonah
308,Avery
308,Damien
310,Damon
311,Conor
312,Orlando
313,Owen
314,Ashton
315,Frederick
316,Brennan
316,Fabian
318,Bruce
319,Dean
320,Clinton
320,Rene
322,Demetrius
322,Marshall
322,Pablo
322,Zachariah
326,Carter
327,Zane
328,Bailey
328,Steve
330,Wayne
331,Ismael
332,Ernesto
332,Quentin
332,Terrence
335,Terrell
336,Quinton
337,Carson
338,Felix
339,Ronnie
340,Darrell
340,Desmond
340,Elias
343,Byron
344,Kendall
345,Eli
346,Tyrone
347,Neil
348,Angelo
349,Jerome
350,Melvin
351,Jakob
351,Simon
353,Francis
354,Brenden
354,Forrest
354,Franklin
357,Braden
357,Saul
359,Esteban
360,Drake
360,Emanuel
360,Zackery
363,Brendon
364,Griffin
365,Jarrett
366,Emilio
366,Guillermo
366,Roman
369,Geoffrey
370,Aidan
371,Alvin
372,Darryl
372,Leonard
374,Devante
374,Leonardo
376,Oliver
376,Tucker
378,Myles
379,Jean
379,Keegan
381,Dale
381,Ernest
383,Kameron
384,Cedric
385,Abel
385,Keenan
387,Kenny
388,Harry
389,Quinn
390,Eugene
390,Karl
392,Moises
393,Ray
394,Stanley
395,Jordon
395,Wade
397,Denzel
397,Lane
397,Weston
400,Devonte
400,Felipe
402,Cooper
402,Dwayne
404,Jarrod
405,Jermaine
405,Rodolfo
407,Kendrick
408,Sam
408,Tyrell
410,Glenn
410,Harold
410,Hugo
413,Gilberto
414,Beau
414,Graham
416,Donte
416,Kyler
416,Warren
419,Elliot
419,Joey
421,Kurt
422,Stefan
423,Clay
423,Isiah
425,Noel
426,Dane
426,Devan
426,Gilbert
426,Harley
426,Skylar
431,Corbin
432,Allan
432,Kristian
434,Alfred
434,Nikolas
436,Bryson
436,Jarred
436,Peyton
436,Rudy
440,Alfonso
440,Darian
442,Shaquille
443,Brad
443,Trevon
445,Elliott
445,Leo
445,Lukas
445,Ralph
445,Reid
450,Davis
451,Chris
452,Deshawn
453,Darnell
453,Wilson
455,Lewis
456,Charlie
456,Davon
458,Sheldon
459,Rodrigo
460,Justice
460,Leon
462,Jayson
463,Marlon
464,Ali
464,Rashad
464,Sterling
467,Ariel
468,Brody
468,Efrain
468,Julius
471,Rolando
472,Kurtis
472,Ramiro
474,Keaton
475,Tylor
476,Kelly
476,Mackenzie
476,Reed
476,Stephan
480,Bernard
480,Javon
482,Braxton
482,Derick
482,Payton
485,Barry
485,Earl
485,Marquise
485,Tyson
489,Clarence
490,Clint
490,Daquan
490,Garret
493,Blaine
494,Khalil
494,Santiago
496,Nathanael
497,Lamar
497,Perry
499,Alonzo
500,Grayson
500,Nigel
502,Brayden
502,Roderick
502,Tristen
505,Sidney
506,Tomas
507,Bret
507,Clifford
507,Mauricio
510,Antoine
510,Quincy
512,Stuart
513,Irvin
514,Dexter
514,Rogelio
516,Adan
516,Kirk
518,Dorian
518,Kory
520,Ben
520,Gordon
522,Deon
522,Heath
524,Brenton
524,Norman
526,Tyree
527,Courtney
527,Fredrick
527,Jace
527,Jaquan
531,Alvaro
531,Austen
531,Duncan
534,Demarcus
534,Humberto
536,Deangelo
536,Osvaldo
538,Dwight
539,Jarvis
540,Frankie
541,Vicente
542,Markus
542,Reynaldo
542,Uriel
545,Amir
545,Ezekiel
545,Freddy
545,Noe
549,Chaz
550,Deonte
551,Kasey
552,Jamar
552,Leroy
552,Shelby
555,Damion
555,Darien
557,Glen
557,Mohammad
557,Quintin
560,Ahmad
560,Howard
560,Roland
560,Stephon
564,Darrin
565,Cornelius
565,Jaron
567,Coty
567,Everett
567,Milton
567,Neal
571,Triston
572,Shannon
573,Cade
573,Maximilian
575,Antwan
575,Joaquin
577,Aron
577,Carlton
577,Tracy
580,Colten
580,Lonnie
582,Jarod
583,Mike
583,Mitchel
585,Addison
586,Salvatore
587,Jaden
587,Tate
587,Walker
590,Arnold
590,Issac
590,Korey
590,Leonel
590,Solomon
590,Toby
596,Brice
596,Dion
596,Kareem
596,Mohammed
596,Terence
601,Edgardo
602,Dashawn
602,Ezequiel
602,Sawyer
602,Shayne
606,Daryl
606,Don
608,Jan
609,Adolfo
610,Freddie
610,Rigoberto
610,Tre
613,Jovan
613,Vernon
615,Guadalupe
615,Will
617,Dandre
617,Deion
617,Fred
617,Holden
617,Raphael
622,Dillan
622,Herbert
622,Tristin
625,Coleman
625,Cullen
625,Kristofer
625,Marcel
629,Jaylen
630,Clark
630,Clifton
632,Raheem
632,Rick
634,Deven
634,Jamel
634,Jimmie
634,Kent
634,Lamont
634,Sammy
640,Dawson
641,Anton
641,Cortez
641,Darion
641,Ezra
641,German
641,Nathanial
641,Nestor
648,Baby
648,Lloyd
648,Moses
648,Rory
652,Ahmed
652,Guy
652,Malachi
652,Rickey
656,Axel
657,Kerry
657,Loren
659,Agustin
659,Brooks
659,Conrad
662,Cristopher
662,Dana
662,Darrius
662,Infant
662,Jerrod
667,Akeem
667,Bernardo
667,Santos
670,Kai
670,Reece
670,Winston
673,Ignacio
674,Blair
674,Gerard
674,Gunnar
674,Jefferson
674,Juwan
674,Kolby
674,Pierce
674,Wilfredo
682,Darin
682,Elmer
682,Heriberto
685,Dimitri
685,Elvis
685,Houston
685,Jasper
685,Rashawn
690,Colt
690,Donnie
690,Duane
690,Jairo
690,Madison
690,Sage
696,Irving
696,Johnnie
696,Kaden
696,Mohamed
700,Wendell
701,Bradford
701,Jamison
703,Dequan
703,Gene
703,Gonzalo
703,Jameson
703,Reuben
703,Rhett
703,Robin
710,Bennett
710,Josef
712,Davonte
712,Isaias
712,Kade
712,Moshe
716,Camden
716,Davion
716,Jamil
716,Misael
716,Thaddeus
721,Travon
722,Cruz
722,Donavan
722,Hassan
722,J
722,Leland
722,Trever
728,Antony
728,Ladarius
728,Nico
728,Paris
732,Gino
732,Leslie
732,Pierre
732,Stewart
732,Zakary
737,Arron
737,Jacques
737,Jaleel
737,Kolton
737,Trace
742,Cyrus
742,Dewayne
742,Jeff
742,Myron
746,Dayton
746,Hakeem
746,Kadeem
746,Lester
746,Rex
746,River
746,Rocky
746,Ulises
754,Bradly
754,Brandyn
754,Erich
754,Jackie
754,Jayden
754,Reese
754,Ryne
754,Tobias
762,Aldo
762,Alton
762,Camron
762,Jamarcus
766,Clyde
766,Keon
766,Nick
766,Rico
766,Zechariah
771,Devonta
771,Estevan
771,Greg
771,Kane
775,Brandan
775,Dylon
777,Aubrey
777,Cecil
777,Dangelo
777,Demarco
777,Dillion
777,Herman
777,Sonny
777,Talon
785,Brennen
785,Donnell
785,Eliezer
788,August
788,Benito
788,Randolph
788,Royce
788,Vance
793,Benny
793,Coby
793,Cordell
793,Kellen
793,Quinten
798,Floyd
798,Javonte
800,Alonso
800,Aric
800,Dan
800,Hugh
800,Ibrahim
800,Silas
806,Anderson
806,Bryon
806,Devyn
806,Jaylon
806,Kieran
806,Remington
806,Tariq
813,Darwin
813,Gunner
813,Jonas
813,Octavio
813,Shea
813,Tory
819,Bronson
819,Caden
819,Codey
819,Hernan
819,Jacoby
819,Layne
819,Marquez
826,Demario
826,Junior
826,Keanu
826,Lionel
830,Austyn
830,Eliseo
830,Grady
830,Jabari
830,Jim
830,Kenton
830,Otis
830,Raymundo
830,Shay
839,Ari
839,Chester
839,Garett
839,Jorden
839,Muhammad
839,Rusty
845,Adrien
845,Alexandre
845,Bo
845,Dominque
845,Elvin
845,Fidel
845,Jerrell
845,Niko
845,Tayler
854,Codie
854,Emmett
854,Isai
854,Jessy
854,Tom
854,Tyron
860,Amos
860,Dakotah
860,Dallin
860,Dario
860,Gregorio
860,Kelsey
860,Keven
860,Khalid
860,Lincoln
860,Montana
870,Andreas
870,Darrian
870,Elisha
870,Garrison
870,Jamaal
870,Justus
870,Mateo
877,Deondre
877,Dontae
877,Edmund
877,Forest
877,Josh
877,Justyn
877,Kobe
877,Lyle
885,Aiden
885,Chadwick
885,Derik
885,Destin
885,Ervin
885,Jerald
885,Schuyler
885,Unknown
893,Adonis
893,Broderick
893,Dusty
893,Isidro
893,Louie
898,Barrett
898,Davin
898,Mikel
898,Spenser
898,Vaughn
903,Antwon
903,Daron
903,Darrion
903,Dejuan
903,Deshaun
903,Fredy
903,Jude
903,Kelby
903,Maximillia
903,Orion
903,Raekwon
903,Robbie
903,Ron
903,Stone
903,Tavon
903,Tyshawn
919,Domenic
919,Eddy
919,Jerod
919,Kelton
919,Ulysses
919,Westley
925,Abdiel
925,Alexandro
925,Ashley
925,Brandt
925,Efren
925,Hudson
925,Jade
925,Kendal
925,Kevon
925,Kirby
925,Mickey
925,Morris
925,Najee
925,Rey
925,Ryder
925,Ted
925,Teddy
942,Armani
942,Brant
942,Jedidiah
942,Jomar
942,Julien
942,Kalvin
942,Marques
942,Reggie
942,Syed
942,Tyquan
942,Valentin
953,Armand
953,Carlo
953,Diamond
953,Ellis
953,Jovanny
953,Justen
953,Kegan
953,Kwame
953,Romeo
962,Asa
962,Bill
962,Darrien
962,Denver
962,Devontae
962,Dionte
962,Galen
962,Hans
962,Jody
962,Kole
962,Lazaro
962,Nicklaus
962,Trae
975,Alden
975,Brayan
975,Claude
975,Cristobal
975,Jaylin
975,Jonatan
975,Kalen
975,Luciano
975,Rasheed
975,Rayshawn
975,Ridge
975,Rudolph
987,Francesco
987,Giancarlo
987,Giovanny
987,Harris
987,Harvey
987,Jess
987,Jovany
987,Koby
987,Nikhil
987,Omari
987,Stetson
987,Storm
987,Tristian
1000,Abdullah
1000,Asher
1000,Braydon
1000,Cale
1000,Elton
1000,Genaro
1000,Prince
1000,Rohan
1000,Samson
1000,Sherman
1000,Timmy
