1,Ashley
2,Jessica
3,Emily
4,Sarah
5,Samantha
6,Brittany
7,Amanda
8,Elizabeth
9,Taylor
10,Megan
11,Stephanie
12,Kayla
13,Lauren
14,Jennifer
15,Rachel
16,Hannah
17,Nicole
18,Amber
19,Alexis
20,Courtney
21,Victoria
22,Danielle
23,Alyssa
24,Rebecca
25,Jasmine
26,Katherine
27,Melissa
28,Alexandra
29,Brianna
30,Chelsea
31,Michelle
32,Morgan
33,Kelsey
34,Tiffany
35,Kimberly
36,Christina
37,Madison
38,Heather
39,Shelby
40,Anna
41,Mary
42,Maria
43,Allison
44,Sara
45,Laura
46,Andrea
47,Olivia
48,Erin
49,Haley
50,Abigail
51,Kaitlyn
52,Jordan
53,Natalie
54,Vanessa
55,Kelly
56,Brooke
57,Erica
58,Kristen
59,Julia
60,Crystal
61,Amy
62,Katelyn
62,Marissa
64,Lindsey
65,Paige
66,Cassandra
67,Sydney
68,Katie
69,Caitlin
70,Kathryn
71,Emma
72,Shannon
73,Angela
74,Gabrielle
75,Jacqueline
76,Jenna
77,Jamie
78,Mariah
79,Alicia
80,Briana
81,Alexandria
82,Destiny
83,Miranda
84,Monica
85,Brittney
86,Catherine
87,Savannah
88,Sierra
89,Sabrina
90,Breanna
91,Whitney
92,Caroline
93,Molly
94,Madeline
95,Erika
96,Grace
97,Diana
98,Leah
99,Angelica
100,Lindsay
101,Christine
102,Kaitlin
103,Cynthia
104,Meghan
105,Cheyenne
106,Mackenzie
107,Margaret
108,Veronica
109,Melanie
110,Bailey
111,Kristin
112,Bianca
113,Lisa
114,Holly
115,Kristina
116,Alexa
117,Ariel
118,Bethany
119,Hailey
120,Leslie
121,April
122,Casey
123,Brenda
124,Kathleen
125,Julie
126,Patricia
127,Autumn
128,Karen
129,Gabriela
130,Brandi
131,Ana
132,Rachael
133,Kendra
134,Karina
135,Dominique
136,Valerie
137,Desiree
138,Kara
139,Carly
140,Claire
141,Tara
142,Adriana
142,Kaylee
144,Natasha
145,Michaela
146,Chloe
147,Jocelyn
148,Kylie
149,Krystal
150,Hayley
151,Caitlyn
152,Alison
153,Nancy
154,Sophia
155,Daisy
156,Rebekah
157,Dana
157,Jillian
159,Cassidy
160,Alejandra
161,Raven
162,Jade
163,Angel
164,Summer
165,Audrey
166,Gabriella
167,Chelsey
168,Sandra
169,Ariana
170,Katrina
171,Claudia
172,Monique
173,Meagan
174,Joanna
175,Kirsten
176,Faith
177,Mikayla
178,Brandy
178,Kiara
180,Makayla
181,Mallory
182,Krista
183,Deanna
184,Yesenia
185,Ashlee
185,Cindy
187,Mercedes
188,Alisha
188,Gina
190,Lydia
191,Felicia
192,Mckenzie
192,Zoe
194,Bridget
195,Marisa
196,Priscilla
197,Karla
198,Kassandra
199,Denise
200,Jasmin
201,Tori
202,Isabella
203,Selena
204,Diamond
205,Evelyn
206,Anne
207,Amelia
208,Cristina
209,Allyson
210,Tabitha
211,Abby
212,Ashleigh
213,Lacey
214,Jazmin
215,Isabel
216,Asia
217,Candace
217,Ciara
219,Cierra
220,Colleen
221,Jaclyn
222,Carolyn
223,Hope
224,Linda
225,Naomi
226,Ellen
227,Mia
228,Teresa
229,Meredith
230,Guadalupe
231,Hanna
232,Renee
233,Nichole
234,Kendall
235,Jazmine
236,Tamara
237,Britney
238,Justine
239,Tessa
240,Susan
240,Tatiana
240,Tiara
243,Daniela
243,Maya
245,Adrianna
246,Genesis
246,Rosa
248,Mayra
249,Kelli
250,Kasey
251,Candice
251,Clarissa
253,Aubrey
254,Arianna
254,Nina
256,Theresa
257,Carrie
257,Wendy
259,Raquel
260,Marina
261,Carmen
261,Katelynn
263,Maggie
264,Ruby
265,Heidi
266,Jenny
267,Jessie
268,Katlyn
269,Angelina
269,Carolina
271,Jacquelyn
272,Camille
273,Gloria
274,Virginia
275,Kiana
276,Jordyn
277,Cecilia
277,Ebony
279,Alexus
280,Cara
280,Kelsie
282,Alissa
282,Janet
284,Charlotte
285,Ashlyn
286,Esmeralda
286,Miriam
288,Elise
289,Martha
290,Hillary
290,Tia
292,Melinda
293,Jada
293,Marie
295,Carla
296,Barbara
297,Esther
298,Stacey
299,Kate
300,Natalia
301,Sharon
302,Carissa
303,Toni
304,Alana
305,Pamela
306,Ruth
307,Valeria
308,Robin
308,Rose
310,Cassie
310,Shayla
312,Lillian
312,Paola
312,Riley
315,Arielle
315,Celeste
315,Helen
318,Alondra
319,Brenna
320,Sasha
321,Alexia
321,Logan
323,Janelle
323,Savanna
325,Ann
325,Lily
325,Tanya
328,Stacy
329,Elena
329,Vivian
331,Kyra
332,Tiana
332,Tina
334,Nikki
335,Adrienne
335,Ashton
337,Anastasia
337,Dakota
337,Madeleine
340,Tyler
341,Callie
342,Kylee
343,Serena
344,Devin
345,Chelsie
346,Kellie
346,Sadie
348,Annie
348,Eva
348,Imani
351,Mckenna
351,Tierra
353,Marisol
354,Christian
354,Frances
356,Elisabeth
357,Aimee
357,Devon
359,Kyla
360,Deborah
361,Liliana
362,Nadia
362,Sonia
364,Deja
365,Jane
365,Kennedy
365,Paula
365,Shawna
369,Brooklyn
369,Sophie
371,Kira
372,Karissa
372,Kierra
374,Madelyn
375,Kristine
375,Peyton
375,Regina
378,Sylvia
379,Skylar
380,Aaliyah
380,Melody
382,Alice
382,Brittani
384,Kali
385,Lorena
386,Bria
386,Nicolette
388,Francesca
388,Sofia
390,Larissa
391,Alaina
391,Tracy
393,Delaney
393,Kari
395,Brianne
396,Cortney
396,Macy
398,Leticia
398,Shayna
398,Taryn
401,Jeanette
401,Robyn
403,Joy
403,Tania
405,Chasity
405,Mikaela
405,Stefanie
408,Shanice
408,Sidney
408,Tayler
411,Juliana
412,Kailey
412,Makenzie
414,Kaitlynn
415,Bryanna
416,Kristi
417,Carol
417,Randi
419,Breana
419,Tasha
421,India
421,Irene
421,Kayleigh
424,Emilee
425,Elisa
425,Josephine
427,Corinne
428,Mariana
429,Payton
430,Alma
430,Maribel
430,Simone
433,Clara
433,Cristal
433,Yvonne
436,Johanna
436,Katharine
436,Kristy
439,Alyson
440,Isabelle
440,Julianna
440,Kaila
443,Yvette
444,Christy
444,Ciera
446,Kourtney
447,Christa
447,Harley
447,Rachelle
450,Meaghan
451,Abbey
451,Destinee
451,Tanisha
454,Elaine
454,Michele
456,Kenya
456,Perla
456,Precious
459,Blanca
460,Jaime
461,Donna
461,Marilyn
463,Marlene
463,Nora
465,Haylee
465,Josie
467,Cheyanne
468,Angelique
468,Ericka
470,Giselle
471,Misty
471,Noelle
473,Lucy
474,Carley
475,Iris
475,Lyndsey
477,Tiffani
478,Cameron
478,Kelley
480,Daniella
480,Judith
480,Maritza
480,Talia
484,Sandy
485,Diane
485,Shana
485,Trisha
488,Anita
488,Kelsi
488,Lori
491,Carina
492,Allie
492,Chantel
494,Charity
494,Gianna
494,Julianne
494,Shania
498,Avery
498,Chanel
498,Kaley
501,Aliyah
502,Luz
503,Hunter
504,Hilary
504,Stephany
506,Leanna
506,Nia
508,Mollie
509,Bonnie
509,Paris
509,Yasmin
509,Yolanda
513,Margarita
513,Yasmine
515,Alexandrea
515,Janae
517,Janice
518,Alanna
518,Alysha
518,Julissa
518,Kaleigh
518,Shaina
523,Casandra
523,Darian
523,Iesha
526,Ivy
526,Jill
526,Kiersten
526,Moriah
526,Sheila
531,Dawn
532,Norma
532,Skyler
534,Kiera
534,Paulina
534,Thalia
534,Viviana
538,Antoinette
538,Genevieve
538,Keisha
538,Tatyana
542,Lizbeth
542,Roxanne
544,Alisa
544,Desirae
546,Beatriz
546,Kacie
546,Maranda
549,Emilie
550,Bridgette
550,Edith
550,Kassidy
550,Suzanne
554,Susana
555,Tianna
556,Chandler
556,Rochelle
556,Ryan
559,Hallie
559,Lucia
561,Aisha
561,Cayla
561,Tyra
564,Laurel
565,Dorothy
565,Keri
567,Antonia
567,Eileen
567,Rocio
570,Eliza
570,Kaylin
572,Baylee
572,Haleigh
572,Karly
572,Tonya
576,Kaylie
576,Kelsea
576,Mckayla
579,Kaylyn
580,Breanne
580,Gretchen
580,Micaela
583,Alina
583,Lacy
585,Fabiola
585,Rosemary
587,Annette
587,Kathy
589,Keely
590,Justice
590,Lena
590,Sally
590,Shaniqua
594,Shakira
595,Latoya
595,Selina
595,Shauna
598,Ashlie
598,Eleanor
598,Mara
598,Shirley
602,Jacklyn
602,Jodi
604,Carlie
605,Katelin
605,Noemi
605,Reagan
608,Brittni
608,Joyce
610,Charlene
610,Khadijah
610,Shantel
613,Dallas
613,Katarina
615,Heaven
615,Jena
615,Madalyn
618,Araceli
618,Fatima
618,Kerri
621,Blair
621,Reyna
621,Tess
624,Angie
624,Katy
624,Leanne
624,Tammy
628,Darlene
628,Maegan
630,Celina
630,Christie
630,Shanna
633,Clare
633,Justina
633,Nathalie
636,Karlee
636,Yadira
638,Hailee
638,Kristie
638,Lexus
641,Bailee
641,Jalisa
641,Rhiannon
644,Abbie
644,Georgia
644,Kori
644,Lea
644,Mindy
644,Shelbi
644,Skye
651,Alex
651,Corina
651,Katlin
651,Sonya
655,Beverly
655,Mariela
655,Regan
658,Celia
658,Dulce
658,Juanita
658,Kasandra
662,Ella
662,Lesley
664,Stacie
665,Connie
665,Karli
665,Savanah
668,Ashlynn
668,Sade
668,Shea
671,Cheryl
671,Rylee
673,Essence
673,Kaela
673,Kiley
673,Tabatha
677,Aurora
677,Karlie
677,Latasha
680,Ali
680,Anissa
680,Gwendolyn
680,Jennie
680,Kacey
680,Lauryn
686,Brook
687,Brandie
687,Elaina
687,Kala
687,Kalyn
687,Kianna
687,Kirstin
687,Octavia
694,Aileen
694,Alycia
694,Jana
694,Jesse
694,Jessika
694,Lizette
694,Mandy
701,Carli
701,Demi
701,Ellie
701,Leigh
705,Beth
705,Joanne
705,Lara
705,Loren
709,Ayanna
709,Phoebe
709,Silvia
712,Bobbie
712,Debra
712,Halie
712,Jami
712,Janessa
717,Jaimie
717,Latisha
717,Melina
717,Rita
717,Shelbie
722,Ashly
722,Devan
722,Eden
722,Jayme
726,Breann
726,Kaci
728,Christen
728,Kirstie
730,Athena
730,Fiona
730,Jaqueline
730,Jenifer
730,Kailee
730,Lucero
730,Patrice
730,Staci
738,Alysia
738,Christiana
738,Corey
738,Sheena
742,Brielle
742,Constance
744,Arlene
744,Ava
744,Elyse
744,Makenna
748,Adrian
748,Gillian
748,Kerry
748,Kortney
748,Kristyn
753,Elissa
753,Janette
753,Traci
756,Cecelia
756,Celine
756,Elisha
756,Joselyn
756,Maureen
756,Nadine
756,Roxana
763,Allyssa
763,Cori
763,Macey
763,Maura
763,Racheal
763,Rikki
763,Sarai
770,Brittanie
770,Dianna
770,Graciela
770,Iliana
770,Jackie
770,Maddison
770,Rebeca
770,Shyanne
770,Trinity
779,Betty
779,Gladys
779,Judy
779,Keishla
779,Stevie
784,Dayna
784,Kristal
784,Nikita
787,Alayna
787,Cora
787,Darby
787,Lorraine
787,Yessenia
792,Ayana
792,Mya
792,Sage
792,Sherry
792,Tracey
797,Britany
797,Montana
799,Belinda
799,Chantal
799,Giovanna
799,Juliet
799,Micah
799,Myra
805,Addison
805,Aspen
805,Ayla
805,Helena
805,Hollie
805,Ingrid
805,Krysta
805,Lakeisha
813,Infant
813,Lacie
813,Maricela
813,Myranda
817,Bobbi
817,Carlee
817,Nataly
820,Destini
820,Domonique
820,Itzel
820,Karley
820,Shelly
825,Christin
825,Destiney
825,Terri
828,Beatrice
828,Tricia
830,Danica
830,Kristian
830,Trista
833,Bryana
833,Dalia
833,Leeann
833,Magdalena
833,Mireya
838,Berenice
838,Estefania
838,Hali
838,Joann
838,Juana
838,Leann
838,Melisa
845,Alessandra
845,Irma
845,Kenia
845,Terra
845,Tiffanie
850,Baby
850,Damaris
850,Jazmyn
850,Rhonda
854,Hazel
854,Janie
854,Martina
854,Sarina
854,Tiera
854,Yasmeen
860,Ivette
860,Jolene
862,Aja
862,Alesha
862,Billie
862,Jerrica
862,Joan
862,Liana
862,Marcella
862,Nayeli
862,Noel
862,Olga
862,Tyesha
873,Catalina
873,Kia
873,Lynn
873,Tatum
877,Alysa
877,Asha
877,Audra
877,Britni
877,Janay
877,Janine
877,Kallie
877,Kimberley
877,Pauline
886,Alecia
886,Annika
886,Kaycee
886,Scarlett
886,Vanesa
891,Bernadette
891,Devyn
891,Elyssa
891,Lourdes
891,Marisela
896,Chaya
896,Daphne
896,Emerald
896,Joelle
896,Kassie
896,Katerina
896,Katheryn
896,Macie
896,Monika
905,Anabel
905,Annmarie
905,Breonna
905,Eliana
905,Elsa
905,Halle
905,Kathrine
905,Kaylynn
905,Lesly
905,Maira
905,Mariam
905,Marlena
905,Susanna
918,Annamarie
918,Betsy
918,Jessenia
918,Malia
918,Princess
923,Ashli
923,Astrid
923,Dina
923,Dominque
923,Eunice
923,Griselda
923,Sydnie
923,Yaritza
931,China
931,Francheska
931,Jayla
931,Jean
931,Katlynn
931,Kayli
931,Layla
931,Leandra
931,Lynette
931,Xiomara
931,Yazmin
931,Zoey
943,Anika
943,Ashanti
943,Dara
943,Darcy
943,Debbie
943,Eboni
943,Isamar
943,Lexi
943,Miracle
943,Whitley
953,Abbigail
953,Aleah
953,Anais
953,Carson
953,Emilia
953,Franchesca
953,Laurie
953,Liza
953,Mariel
953,Marlee
953,Stormy
964,Anjelica
964,Chelsi
964,Gabriel
964,Haylie
964,Kalie
964,Lana
964,Lexie
964,Paloma
964,Salina
973,Doris
973,Leila
973,Lizeth
976,Drew
976,Jamila
976,Kailyn
976,Kayley
976,Kelcie
976,Lidia
976,Sydnee
983,Amani
983,Ashely
983,Aubree
983,Deana
983,Jessi
983,Jodie
983,Keila
983,Kendal
983,Kimberlee
983,Reina
983,Yajaira
994,Alena
994,Brea
994,Georgina
994,Joana
994,Meranda
994,Mikala
994,Nikole
